{"cameraMode":{"drawMode":0,"name":"Shaded","section":"Shading Mode"},"sceneLighting":true,"audioPlay":false,"sceneViewState":{"m_AlwaysRefresh":false,"showFog":true,"showSkybox":true,"showFlares":true,"showImageEffects":true,"showParticleSystems":true,"showVisualEffectGraphs":true,"m_FxEnabled":true},"in2DMode":false,"pivot":{"x":-0.21264716982841493,"y":0.2924973964691162,"z":-0.21848976612091065},"rotation":{"x":0.061726752668619159,"y":-0.03773947432637215,"z":0.002337477169930935,"w":0.9973852038383484},"size":2.5089287757873537,"orthographic":false}